id,first_name,last_name,email,gender,ip_address
1,Maria,Arnold,marnold0@woothemes.com,Female,209.33.69.23
2,Julia,Miller,jmiller1@ning.com,Female,158.146.190.4
3,Lisa,Ramos,lramos2@myspace.com,Female,239.105.95.115
4,Dorothy,Austin,daustin3@alexa.com,Female,19.120.65.10
5,Willie,Thomas,wthomas4@is.gd,Male,41.8.80.147
6,Joshua,Bell,jbell5@freewebs.com,Male,23.172.71.88
7,John,Jenkins,jjenkins6@naver.com,Male,86.42.165.153
8,Phillip,Carter,pcarter7@ezinearticles.com,Male,53.152.127.174
9,Lois,Kelley,lkelley8@springer.com,Female,89.220.240.58
10,Carol,Howard,choward9@360.cn,Female,217.102.4.99
11,Chris,Washington,cwashingtona@yelp.com,Male,144.14.170.3
12,Donna,Morales,dmoralesb@cdc.gov,Female,212.54.127.160
13,Antonio,Fuller,afullerc@wunderground.com,Male,98.51.106.240
14,Lillian,Gutierrez,lgutierrezd@weather.com,Female,147.72.201.223
15,Sarah,Murray,smurraye@topsy.com,Female,244.162.189.196
16,Pamela,Cooper,pcooperf@scribd.com,Female,211.41.169.248
17,Joe,Cooper,jcooperg@etsy.com,Male,255.88.164.181
18,Jane,Coleman,jcolemanh@admin.ch,Female,76.46.108.230
19,Julie,Burke,jburkei@homestead.com,Female,46.238.110.77
20,Robert,Snyder,rsnyderj@vk.com,Male,115.77.227.77
21,Margaret,Diaz,mdiazk@amazon.co.jp,Female,149.250.175.242
22,Laura,Hicks,lhicksl@npr.org,Female,96.144.238.9
23,Karen,Mccoy,kmccoym@webnode.com,Female,37.125.133.212
24,Jessica,Bishop,jbishopn@barnesandnoble.com,Female,242.189.2.128
25,Roy,Reed,rreedo@shareasale.com,Male,52.123.220.58
26,Rebecca,Rogers,rrogersp@msn.com,Female,2.2.174.2
27,Lori,Willis,lwillisq@ycombinator.com,Female,185.57.73.45
28,Amy,Wheeler,awheelerr@jigsy.com,Female,214.184.198.232
29,Alan,Gibson,agibsons@soup.io,Male,144.45.155.188
30,Bonnie,Matthews,bmatthewst@sciencedaily.com,Female,57.23.209.155
31,John,Vasquez,jvasquezu@w3.org,Male,240.80.31.224
32,Christopher,Fields,cfieldsv@aboutads.info,Male,249.124.208.38
33,Rebecca,Carter,rcarterw@ask.com,Female,179.219.204.45
34,Nicholas,Duncan,nduncanx@microsoft.com,Male,251.103.248.95
35,Sandra,Griffin,sgriffiny@skyrock.com,Female,252.221.97.83
36,Raymond,Roberts,rrobertsz@apache.org,Male,188.173.211.200
37,Emily,Woods,ewoods10@t-online.de,Female,225.165.215.113
38,Judith,Graham,jgraham11@ted.com,Female,200.39.26.245
39,Betty,Graham,bgraham12@liveinternet.ru,Female,46.26.191.115
40,Wayne,Thomas,wthomas13@ibm.com,Male,181.40.190.109
41,Christopher,Foster,cfoster14@hhs.gov,Male,162.234.200.250
42,Pamela,Harper,pharper15@youku.com,Female,56.234.201.151
43,Thomas,Weaver,tweaver16@xing.com,Male,45.156.226.117
44,Frank,Gordon,fgordon17@blogs.com,Male,160.94.135.253
45,Melissa,Moore,mmoore18@twitter.com,Female,213.215.57.44
46,Joshua,Williamson,jwilliamson19@bbc.co.uk,Male,155.139.66.54
47,Harold,Meyer,hmeyer1a@telegraph.co.uk,Male,208.41.94.27
48,Andrew,Romero,aromero1b@wordpress.com,Male,12.4.113.250
49,Steven,Torres,storres1c@wix.com,Male,66.87.78.25
50,Aaron,Black,ablack1d@clickbank.net,Male,194.108.186.202
51,Rebecca,Ray,rray1e@psu.edu,Female,38.78.243.115
52,Martin,Ortiz,mortiz1f@elpais.com,Male,99.27.228.65
53,Bruce,Peterson,bpeterson1g@utexas.edu,Male,71.125.33.114
54,Christina,Cole,ccole1h@yellowbook.com,Female,229.94.41.232
55,Shawn,Powell,spowell1i@drupal.org,Male,231.51.120.61
56,Sandra,Ellis,sellis1j@de.vu,Female,139.253.27.94
57,Justin,Larson,jlarson1k@google.com.hk,Male,168.180.37.144
58,Ernest,Black,eblack1l@columbia.edu,Male,81.67.16.104
59,Jose,Gonzales,jgonzales1m@adobe.com,Male,70.79.115.134
60,Cheryl,Mills,cmills1n@miibeian.gov.cn,Female,115.33.107.243
61,Annie,Collins,acollins1o@usatoday.com,Female,69.4.17.248
62,Kevin,Stephens,kstephens1p@toplist.cz,Male,174.81.77.126
63,Katherine,Wagner,kwagner1q@icq.com,Female,39.42.200.132
64,Joseph,Mills,jmills1r@umich.edu,Male,92.162.22.204
65,Terry,Hernandez,thernandez1s@cbslocal.com,Male,162.143.1.67
66,George,Cruz,gcruz1t@auda.org.au,Male,108.103.128.23
67,Amanda,Montgomery,amontgomery1u@prnewswire.com,Female,107.123.103.208
68,Lois,West,lwest1v@dropbox.com,Female,2.197.47.162
69,Anne,Woods,awoods1w@mayoclinic.com,Female,58.236.247.210
70,Ruth,Cook,rcook1x@barnesandnoble.com,Female,79.218.235.81
71,Patrick,Wallace,pwallace1y@businessinsider.com,Male,40.97.35.23
72,Bonnie,Black,bblack1z@samsung.com,Female,179.154.148.108
73,Rachel,Hanson,rhanson20@pagesperso-orange.fr,Female,192.54.55.116
74,Martha,Bowman,mbowman21@ucoz.com,Female,16.159.115.183
75,Betty,Carpenter,bcarpenter22@diigo.com,Female,78.84.151.187
76,Judith,Graham,jgraham23@prnewswire.com,Female,44.185.42.91
77,Alice,Nguyen,anguyen24@over-blog.com,Female,27.176.32.211
78,Michelle,Mcdonald,mmcdonald25@about.me,Female,137.45.152.56
79,Jessica,Clark,jclark26@nasa.gov,Female,160.184.22.134
80,Amanda,Woods,awoods27@salon.com,Female,35.243.253.212
81,David,Kelly,dkelly28@economist.com,Male,49.219.125.162
82,Julie,Romero,jromero29@dot.gov,Female,21.213.149.131
83,Patricia,Russell,prussell2a@phoca.cz,Female,61.37.234.219
84,Jimmy,Gardner,jgardner2b@comsenz.com,Male,217.107.185.133
85,Stephen,Weaver,sweaver2c@springer.com,Male,38.199.6.155
86,Henry,Ray,hray2d@myspace.com,Male,195.64.75.109
87,Patricia,Hernandez,phernandez2e@phoca.cz,Female,129.156.10.81
88,Pamela,Brooks,pbrooks2f@a8.net,Female,32.173.132.24
89,Marie,Moore,mmoore2g@ezinearticles.com,Female,186.155.99.248
90,Maria,Andrews,mandrews2h@1und1.de,Female,193.148.83.127
91,Roger,Little,rlittle2i@scientificamerican.com,Male,53.141.100.138
92,Mildred,James,mjames2j@webnode.com,Female,45.18.205.251
93,Louis,Perry,lperry2k@springer.com,Male,88.234.14.82
94,Janet,Andrews,jandrews2l@reference.com,Female,105.45.22.166
95,Phillip,Meyer,pmeyer2m@reuters.com,Male,201.97.159.104
96,Teresa,Green,tgreen2n@discuz.net,Female,216.58.253.43
97,Rose,Long,rlong2o@flavors.me,Female,222.237.33.194
98,Bruce,Boyd,bboyd2p@csmonitor.com,Male,196.208.38.66
99,Albert,Bryant,abryant2q@cornell.edu,Male,245.64.242.191
100,Patrick,Simpson,psimpson2r@engadget.com,Male,142.4.157.232
101,Edward,Roberts,eroberts2s@independent.co.uk,Male,42.73.113.92
102,Donald,Mcdonald,dmcdonald2t@hubpages.com,Male,168.222.158.112
103,Linda,Butler,lbutler2u@sourceforge.net,Female,138.26.145.208
104,Jonathan,Tucker,jtucker2v@diigo.com,Male,98.82.90.46
105,Carol,Foster,cfoster2w@dot.gov,Female,218.67.51.129
106,Martin,Butler,mbutler2x@loc.gov,Male,222.146.157.40
107,Beverly,Harper,bharper2y@digg.com,Female,116.65.183.86
108,Denise,Jordan,djordan2z@issuu.com,Female,31.200.40.84
109,Robert,Gilbert,rgilbert30@desdev.cn,Male,29.92.4.244
110,Walter,Bailey,wbailey31@rakuten.co.jp,Male,225.219.22.105
111,Jessica,Hunt,jhunt32@biblegateway.com,Female,64.2.229.80
112,Bobby,Harvey,bharvey33@webmd.com,Male,98.246.230.53
113,Kathleen,Nelson,knelson34@miibeian.gov.cn,Female,252.242.18.152
114,Ralph,Young,ryoung35@weibo.com,Male,158.18.194.190
115,Gerald,Hamilton,ghamilton36@nymag.com,Male,250.241.27.237
116,Keith,Perez,kperez37@mlb.com,Male,179.96.152.67
117,Henry,Ferguson,hferguson38@cnet.com,Male,222.94.236.41
118,Janice,Chapman,jchapman39@shinystat.com,Female,211.133.179.169
119,Diana,Ford,dford3a@chronoengine.com,Female,101.142.157.35
120,Mary,Hicks,mhicks3b@hibu.com,Female,51.223.169.61
121,Sean,Perez,sperez3c@comcast.net,Male,184.236.188.173
122,Maria,Wood,mwood3d@opensource.org,Female,119.205.208.40
123,Lois,Black,lblack3e@oaic.gov.au,Female,98.9.93.229
124,Matthew,Harper,mharper3f@free.fr,Male,194.64.87.47
125,Judy,Sanders,jsanders3g@ifeng.com,Female,102.39.211.223
126,Thomas,Myers,tmyers3h@wisc.edu,Male,130.226.163.49
127,Janice,Schmidt,jschmidt3i@wordpress.org,Female,2.118.201.79
128,Peter,Medina,pmedina3j@princeton.edu,Male,14.23.228.3
129,Arthur,Rivera,arivera3k@cloudflare.com,Male,161.10.250.173
130,Patricia,Reid,preid3l@yahoo.co.jp,Female,117.41.34.126
131,Michael,Bennett,mbennett3m@reference.com,Male,78.40.41.190
132,Annie,Washington,awashington3n@cpanel.net,Female,81.123.108.13
133,Emily,Lawrence,elawrence3o@clickbank.net,Female,56.206.135.167
134,Marilyn,Torres,mtorres3p@php.net,Female,85.119.0.190
135,Martha,Cunningham,mcunningham3q@tiny.cc,Female,1.238.170.30
136,Howard,Martin,hmartin3r@slate.com,Male,46.176.235.101
137,Ernest,Watkins,ewatkins3s@hao123.com,Male,241.246.35.231
138,Bonnie,Hamilton,bhamilton3t@eventbrite.com,Female,134.166.145.61
139,Mark,Lee,mlee3u@lycos.com,Male,189.26.29.249
140,Matthew,Andrews,mandrews3v@flickr.com,Male,197.88.157.136
141,Larry,Daniels,ldaniels3w@zdnet.com,Male,11.108.51.242
142,Jerry,Morgan,jmorgan3x@dropbox.com,Male,156.247.116.6
143,Denise,Morris,dmorris3y@ebay.co.uk,Female,102.106.47.102
144,Michelle,Ryan,mryan3z@google.de,Female,196.175.199.51
145,Patricia,Harrison,pharrison40@woothemes.com,Female,164.194.111.25
146,Juan,Warren,jwarren41@hibu.com,Male,99.53.233.128
147,Christopher,Simpson,csimpson42@oakley.com,Male,194.135.12.3
148,Brenda,King,bking43@pinterest.com,Female,104.248.5.194
149,Keith,Ross,kross44@joomla.org,Male,204.128.76.86
150,Amanda,Bell,abell45@fda.gov,Female,174.23.217.24
151,Donald,Hicks,dhicks46@jigsy.com,Male,90.250.222.34
152,Jack,Cruz,jcruz47@hubpages.com,Male,254.122.131.127
153,Lori,Cooper,lcooper48@google.com,Female,203.231.17.77
154,Gary,Armstrong,garmstrong49@quantcast.com,Male,185.93.136.95
155,Jimmy,Ford,jford4a@hubpages.com,Male,234.175.227.117
156,George,Coleman,gcoleman4b@google.pl,Male,110.241.133.141
157,Keith,Stephens,kstephens4c@plala.or.jp,Male,85.56.243.37
158,Todd,Gonzalez,tgonzalez4d@hugedomains.com,Male,51.33.239.96
159,Edward,Harris,eharris4e@studiopress.com,Male,236.188.129.204
160,Paula,Howell,phowell4f@ox.ac.uk,Female,17.84.169.85
161,Jennifer,Woods,jwoods4g@census.gov,Female,47.98.110.127
162,Carlos,Nguyen,cnguyen4h@tripod.com,Male,232.223.15.80
163,Jeremy,Fisher,jfisher4i@live.com,Male,114.53.52.106
164,George,Walker,gwalker4j@g.co,Male,7.101.188.230
165,Sandra,Scott,sscott4k@elegantthemes.com,Female,60.195.240.52
166,Douglas,Dean,ddean4l@infoseek.co.jp,Male,125.76.75.176
167,Andrea,Hill,ahill4m@issuu.com,Female,229.12.66.84
168,Christopher,Fox,cfox4n@patch.com,Male,141.19.97.95
169,Linda,Martin,lmartin4o@va.gov,Female,185.99.146.190
170,Teresa,Murray,tmurray4p@cloudflare.com,Female,123.254.17.120
171,Robin,Cooper,rcooper4q@boston.com,Female,122.77.72.2
172,Diane,Barnes,dbarnes4r@angelfire.com,Female,207.130.65.187
173,Denise,Sanchez,dsanchez4s@symantec.com,Female,245.70.223.213
174,Karen,Nichols,knichols4t@163.com,Female,42.204.181.162
175,Daniel,Perkins,dperkins4u@cbc.ca,Male,249.28.24.211
176,Jimmy,Anderson,janderson4v@chicagotribune.com,Male,156.38.176.213
177,Clarence,Alvarez,calvarez4w@symantec.com,Male,164.95.230.125
178,Deborah,Wright,dwright4x@answers.com,Female,23.17.254.132
179,Keith,Lee,klee4y@ucoz.com,Male,65.31.143.61
180,Beverly,Dean,bdean4z@pcworld.com,Female,169.105.139.215
181,Lois,King,lking50@buzzfeed.com,Female,100.212.190.190
182,Janet,Cruz,jcruz51@ucla.edu,Female,68.254.86.49
183,Andrew,Bell,abell52@surveymonkey.com,Male,166.60.233.105
184,Johnny,Stewart,jstewart53@cmu.edu,Male,78.255.205.208
185,Donna,Welch,dwelch54@example.com,Female,172.2.119.206
186,Craig,Tucker,ctucker55@360.cn,Male,212.181.9.112
187,Stephen,Richards,srichards56@symantec.com,Male,94.36.97.112
188,Margaret,Morrison,mmorrison57@bandcamp.com,Female,222.85.36.18
189,Sandra,Ray,sray58@issuu.com,Female,97.70.109.25
190,Sean,Taylor,staylor59@bloomberg.com,Male,5.160.2.28
191,Pamela,Morris,pmorris5a@hp.com,Female,185.174.196.74
192,Norma,Perry,nperry5b@hibu.com,Female,229.143.178.52
193,Brandon,Fernandez,bfernandez5c@ftc.gov,Male,50.251.59.85
194,Lois,Lane,llane5d@uiuc.edu,Female,116.50.170.52
195,Harry,Peters,hpeters5e@businessweek.com,Male,190.24.47.172
196,Sharon,Kelly,skelly5f@oaic.gov.au,Female,169.3.148.222
197,Scott,Harvey,sharvey5g@mozilla.org,Male,32.29.222.90
198,George,Martin,gmartin5h@imdb.com,Male,223.239.209.221
199,Phillip,Harper,pharper5i@de.vu,Male,151.248.131.239
200,Carolyn,Wright,cwright5j@rediff.com,Female,42.61.164.131
201,Joyce,Long,jlong5k@jimdo.com,Female,171.207.10.70
202,Kelly,Watkins,kwatkins5l@harvard.edu,Female,163.68.185.61
203,Harold,Fields,hfields5m@cdc.gov,Male,133.96.94.227
204,Samuel,Harvey,sharvey5n@4shared.com,Male,20.187.43.254
205,Jeremy,Chapman,jchapman5o@bloglines.com,Male,183.81.131.211
206,Janet,Kim,jkim5p@adobe.com,Female,163.23.227.255
207,Albert,Davis,adavis5q@nasa.gov,Male,122.151.20.88
208,Susan,Tucker,stucker5r@cnet.com,Female,191.0.224.56
209,Christine,Reid,creid5s@comsenz.com,Female,230.67.133.179
210,Janice,Russell,jrussell5t@wp.com,Female,172.64.203.50
211,Michael,Jordan,mjordan5u@phoca.cz,Male,102.122.26.55
212,Marie,Fisher,mfisher5v@dropbox.com,Female,206.254.107.231
213,Antonio,Patterson,apatterson5w@stanford.edu,Male,132.137.167.200
214,Willie,Carroll,wcarroll5x@istockphoto.com,Male,196.139.85.133
215,Benjamin,Wright,bwright5y@creativecommons.org,Male,218.126.234.10
216,Todd,Dunn,tdunn5z@theguardian.com,Male,95.129.82.77
217,Cheryl,Hicks,chicks60@hhs.gov,Female,139.110.87.84
218,Phyllis,Flores,pflores61@phoca.cz,Female,223.246.36.9
219,Terry,Howard,thoward62@gmpg.org,Male,248.126.35.217
220,Julia,Alvarez,jalvarez63@whitehouse.gov,Female,248.249.208.203
221,Roy,Wheeler,rwheeler64@stumbleupon.com,Male,176.49.108.43
222,Steven,Morales,smorales65@canalblog.com,Male,188.64.120.213
223,Christina,Gray,cgray66@deliciousdays.com,Female,19.174.175.104
224,Eric,Carter,ecarter67@geocities.com,Male,42.99.143.189
225,Elizabeth,Franklin,efranklin68@ed.gov,Female,51.241.10.96
226,Raymond,Alexander,ralexander69@about.com,Male,30.8.149.25
227,Willie,Lawrence,wlawrence6a@godaddy.com,Male,27.23.159.208
228,Rose,Collins,rcollins6b@people.com.cn,Female,189.56.59.242
229,Willie,Mills,wmills6c@irs.gov,Male,117.120.42.55
230,Annie,Adams,aadams6d@photobucket.com,Female,67.82.232.119
231,Terry,Brown,tbrown6e@ihg.com,Male,33.178.151.188
232,Gerald,Burton,gburton6f@issuu.com,Male,63.155.2.221
233,Catherine,Grant,cgrant6g@chronoengine.com,Female,123.192.186.236
234,Kimberly,Spencer,kspencer6h@techcrunch.com,Female,184.219.130.152
235,Elizabeth,Cooper,ecooper6i@123-reg.co.uk,Female,213.191.129.91
236,Theresa,Welch,twelch6j@adobe.com,Female,131.218.249.74
237,Jimmy,Lawson,jlawson6k@constantcontact.com,Male,1.102.232.47
238,Cynthia,Sims,csims6l@prnewswire.com,Female,42.127.65.107
239,Evelyn,Webb,ewebb6m@ebay.com,Female,122.223.183.140
240,Wanda,Rice,wrice6n@ovh.net,Female,221.74.127.44
241,Steven,Shaw,sshaw6o@geocities.com,Male,136.127.105.38
242,Daniel,Stewart,dstewart6p@cnn.com,Male,251.171.21.55
243,Nicholas,Freeman,nfreeman6q@slate.com,Male,111.12.65.120
244,Donna,Jenkins,djenkins6r@printfriendly.com,Female,88.36.151.157
245,Ernest,Nelson,enelson6s@dailymotion.com,Male,189.93.6.196
246,Harry,Green,hgreen6t@shinystat.com,Male,162.0.21.128
247,Debra,Burns,dburns6u@angelfire.com,Female,196.131.155.159
248,Marilyn,Black,mblack6v@mtv.com,Female,107.5.183.59
249,Anna,Carter,acarter6w@mlb.com,Female,51.147.2.141
250,Stephen,Gonzalez,sgonzalez6x@1und1.de,Male,16.97.129.87
251,Carolyn,Anderson,canderson6y@psu.edu,Female,221.148.82.144
252,Kelly,Bailey,kbailey6z@meetup.com,Female,32.65.66.80
253,Jose,Moreno,jmoreno70@flavors.me,Male,91.249.93.222
254,Arthur,Hughes,ahughes71@spotify.com,Male,97.238.80.76
255,Beverly,Phillips,bphillips72@abc.net.au,Female,192.194.216.75
256,Anne,Lawrence,alawrence73@squidoo.com,Female,130.49.29.144
257,Phillip,Peters,ppeters74@fotki.com,Male,248.250.174.42
258,Jesse,Wilson,jwilson75@is.gd,Male,67.239.59.32
259,Mary,Martin,mmartin76@dropbox.com,Female,233.21.30.254
260,Jesse,Hall,jhall77@histats.com,Male,218.245.51.13
261,Bobby,Carpenter,bcarpenter78@time.com,Male,6.54.252.206
262,Martin,Tucker,mtucker79@japanpost.jp,Male,66.185.59.195
263,Matthew,Perez,mperez7a@arizona.edu,Male,6.236.171.63
264,Victor,Hayes,vhayes7b@unesco.org,Male,51.51.115.45
265,Heather,Woods,hwoods7c@hc360.com,Female,132.215.143.199
266,Michelle,Tucker,mtucker7d@usgs.gov,Female,36.173.172.178
267,Christine,Kelley,ckelley7e@economist.com,Female,86.119.203.10
268,Deborah,Austin,daustin7f@printfriendly.com,Female,113.231.90.75
269,Angela,Gutierrez,agutierrez7g@ezinearticles.com,Female,167.202.120.254
270,Andrew,Webb,awebb7h@tiny.cc,Male,6.113.237.102
271,Bruce,Murphy,bmurphy7i@theglobeandmail.com,Male,90.230.142.14
272,Virginia,Ramos,vramos7j@xrea.com,Female,143.100.236.42
273,Ronald,Chapman,rchapman7k@tuttocitta.it,Male,171.254.131.87
274,Christopher,Cox,ccox7l@chron.com,Male,46.116.51.174
275,Sandra,Richards,srichards7m@adobe.com,Female,198.183.57.217
276,Stephanie,Porter,sporter7n@histats.com,Female,4.105.183.239
277,Judith,Gonzalez,jgonzalez7o@blinklist.com,Female,37.63.171.251
278,Judith,Snyder,jsnyder7p@unicef.org,Female,202.91.195.217
279,Rebecca,Wilson,rwilson7q@domainmarket.com,Female,40.189.118.109
280,Marie,Marshall,mmarshall7r@amazon.co.jp,Female,237.46.232.20
281,Robin,Alexander,ralexander7s@reverbnation.com,Female,124.141.208.14
282,Martha,Day,mday7t@prnewswire.com,Female,108.152.237.218
283,Gregory,Rivera,grivera7u@i2i.jp,Male,211.54.152.12
284,Frank,Murray,fmurray7v@springer.com,Male,115.98.111.78
285,Jennifer,Bradley,jbradley7w@bloomberg.com,Female,64.222.26.8
286,Anna,Lopez,alopez7x@booking.com,Female,123.209.173.218
287,Jimmy,Walker,jwalker7y@wufoo.com,Male,230.73.86.2
288,Frank,Chapman,fchapman7z@ucoz.com,Male,185.247.94.125
289,Maria,Fernandez,mfernandez80@multiply.com,Female,3.191.58.143
290,Dorothy,Roberts,droberts81@desdev.cn,Female,106.61.131.39
291,Bruce,Mcdonald,bmcdonald82@howstuffworks.com,Male,153.36.172.195
292,Virginia,Ryan,vryan83@usgs.gov,Female,208.52.45.58
293,Willie,Washington,wwashington84@blogs.com,Male,26.93.59.97
294,Raymond,Snyder,rsnyder85@bing.com,Male,125.17.203.91
295,Sandra,Anderson,sanderson86@google.de,Female,50.185.170.79
296,Phillip,Clark,pclark87@theatlantic.com,Male,4.230.222.41
297,Carol,Howell,chowell88@un.org,Female,165.161.207.1
298,Shirley,Dean,sdean89@netvibes.com,Female,234.30.8.106
299,Kathy,Knight,kknight8a@hibu.com,Female,217.118.64.22
300,Martin,Wilson,mwilson8b@comcast.net,Male,28.252.172.234
301,Sarah,Bailey,sbailey8c@last.fm,Female,92.51.31.58
302,Betty,Hawkins,bhawkins8d@illinois.edu,Female,85.83.13.164
303,Rachel,Anderson,randerson8e@springer.com,Female,45.115.93.113
304,Scott,Russell,srussell8f@paginegialle.it,Male,169.139.89.130
305,Ralph,Grant,rgrant8g@home.pl,Male,191.126.119.103
306,Eric,Jordan,ejordan8h@washington.edu,Male,38.246.53.151
307,Evelyn,Hernandez,ehernandez8i@miitbeian.gov.cn,Female,243.148.213.61
308,Rebecca,Hart,rhart8j@hostgator.com,Female,221.26.77.219
309,Mildred,Harrison,mharrison8k@addtoany.com,Female,91.4.77.79
310,Amanda,Mendoza,amendoza8l@walmart.com,Female,16.126.245.59
311,Ashley,Foster,afoster8m@lulu.com,Female,214.88.169.229
312,Craig,Butler,cbutler8n@oracle.com,Male,251.250.126.141
313,Albert,Kim,akim8o@lulu.com,Male,4.129.252.153
314,Alan,Brown,abrown8p@amazonaws.com,Male,30.239.94.196
315,Kenneth,Foster,kfoster8q@hugedomains.com,Male,45.190.30.210
316,Willie,Peterson,wpeterson8r@slate.com,Male,175.157.239.250
317,Carol,Johnson,cjohnson8s@springer.com,Female,181.176.192.4
318,Theresa,Fields,tfields8t@woothemes.com,Female,119.235.204.175
319,Donna,Hanson,dhanson8u@princeton.edu,Female,48.123.183.198
320,Todd,Coleman,tcoleman8v@microsoft.com,Male,103.26.229.223
321,Jean,Watkins,jwatkins8w@123-reg.co.uk,Female,184.8.236.253
322,Rebecca,Murphy,rmurphy8x@miibeian.gov.cn,Female,251.225.168.91
323,Elizabeth,Ferguson,eferguson8y@sitemeter.com,Female,201.6.67.204
324,Anna,Reynolds,areynolds8z@businesswire.com,Female,25.8.15.180
325,Scott,Lopez,slopez90@hibu.com,Male,57.37.121.103
326,Wayne,Young,wyoung91@qq.com,Male,29.12.98.237
327,Jennifer,Wagner,jwagner92@purevolume.com,Female,179.132.77.153
328,Martha,Simpson,msimpson93@ibm.com,Female,118.12.21.156
329,Anne,Hill,ahill94@livejournal.com,Female,167.46.85.229
330,Tina,Flores,tflores95@thetimes.co.uk,Female,2.0.64.95
331,Billy,Watson,bwatson96@bbc.co.uk,Male,150.45.42.98
332,Tammy,Daniels,tdaniels97@weather.com,Female,52.12.116.75
333,Karen,Diaz,kdiaz98@opensource.org,Female,80.180.164.238
334,Rebecca,Dean,rdean99@boston.com,Female,90.253.50.123
335,Jonathan,Owens,jowens9a@google.de,Male,147.73.56.13
336,Margaret,Brown,mbrown9b@zimbio.com,Female,202.104.144.216
337,Sean,Hill,shill9c@nsw.gov.au,Male,141.159.124.66
338,Jean,Harper,jharper9d@chronoengine.com,Female,196.192.129.140
339,Randy,Mills,rmills9e@myspace.com,Male,112.181.70.36
340,Virginia,Kelly,vkelly9f@dion.ne.jp,Female,5.238.79.142
341,Alice,Greene,agreene9g@ucoz.ru,Female,39.126.235.1
342,Carol,Diaz,cdiaz9h@huffingtonpost.com,Female,191.40.174.171
343,Virginia,Burns,vburns9i@addthis.com,Female,200.124.230.9
344,Patricia,Larson,plarson9j@seesaa.net,Female,42.63.168.81
345,Douglas,George,dgeorge9k@feedburner.com,Male,146.111.104.115
346,Joyce,Price,jprice9l@cafepress.com,Female,168.177.0.202
347,Jack,Anderson,janderson9m@paginegialle.it,Male,117.115.148.252
348,Howard,Garcia,hgarcia9n@unc.edu,Male,93.212.124.22
349,Eugene,Kim,ekim9o@topsy.com,Male,5.47.73.197
350,Alice,Hayes,ahayes9p@biblegateway.com,Female,236.15.52.245
351,Phillip,Flores,pflores9q@mlb.com,Male,240.69.35.211
352,Teresa,Hart,thart9r@fotki.com,Female,65.210.224.96
353,Roy,Murphy,rmurphy9s@adobe.com,Male,181.195.13.154
354,Kathleen,Morrison,kmorrison9t@rambler.ru,Female,74.78.71.190
355,Roy,Tucker,rtucker9u@godaddy.com,Male,83.133.139.247
356,Elizabeth,Collins,ecollins9v@uiuc.edu,Female,141.250.33.192
357,Annie,Mitchell,amitchell9w@altervista.org,Female,185.33.22.139
358,Maria,Powell,mpowell9x@goodreads.com,Female,203.85.117.221
359,Harry,Mendoza,hmendoza9y@yahoo.com,Male,15.106.174.68
360,Carolyn,Martinez,cmartinez9z@google.com,Female,165.69.191.13
361,Laura,Greene,lgreenea0@spotify.com,Female,126.33.232.37
362,Jonathan,Tucker,jtuckera1@reference.com,Male,131.172.240.253
363,Irene,Sanchez,isancheza2@xinhuanet.com,Female,56.114.60.3
364,Sandra,Long,slonga3@webs.com,Female,94.128.6.178
365,Anne,George,ageorgea4@about.me,Female,149.14.180.29
366,Donna,Cook,dcooka5@google.co.uk,Female,19.30.54.237
367,Christopher,Boyd,cboyda6@163.com,Male,173.240.128.20
368,Virginia,Welch,vwelcha7@engadget.com,Female,31.35.115.55
369,Michael,Kelley,mkelleya8@ocn.ne.jp,Male,107.220.250.34
370,Joe,Gibson,jgibsona9@vimeo.com,Male,101.74.40.170
371,Carol,Gonzalez,cgonzalezaa@wix.com,Female,46.15.133.35
372,Ann,Meyer,ameyerab@cbsnews.com,Female,46.231.57.35
373,Shawn,Romero,sromeroac@dailymail.co.uk,Male,37.186.181.49
374,Shawn,Chapman,schapmanad@sourceforge.net,Male,225.23.151.112
375,Arthur,Cook,acookae@amazon.co.uk,Male,36.216.65.133
376,Tina,Fields,tfieldsaf@howstuffworks.com,Female,78.220.82.60
377,Judy,Bailey,jbaileyag@ftc.gov,Female,233.105.83.185
378,Kevin,Baker,kbakerah@un.org,Male,119.210.201.167
379,Michael,Green,mgreenai@engadget.com,Male,7.225.92.130
380,Robert,Morales,rmoralesaj@utexas.edu,Male,65.112.168.115
381,Eugene,Reid,ereidak@phpbb.com,Male,189.190.42.167
382,Annie,Perez,aperezal@quantcast.com,Female,37.248.57.67
383,Billy,Alexander,balexanderam@alibaba.com,Male,210.59.124.241
384,Kelly,Black,kblackan@smh.com.au,Female,77.131.150.164
385,Angela,Brown,abrownao@exblog.jp,Female,104.249.24.48
386,Amy,Cruz,acruzap@google.fr,Female,183.226.38.30
387,Randy,Olson,rolsonaq@google.co.uk,Male,55.84.78.118
388,Wanda,Willis,wwillisar@ask.com,Female,124.215.62.20
389,Bruce,Sanchez,bsanchezas@seesaa.net,Male,106.149.248.58
390,Lisa,Lynch,llynchat@ucoz.com,Female,128.186.13.36
391,Gerald,Wilson,gwilsonau@auda.org.au,Male,159.87.239.50
392,Thomas,Cook,tcookav@uiuc.edu,Male,156.145.234.20
393,Larry,Garza,lgarzaaw@sphinn.com,Male,186.70.119.246
394,Andrew,Richards,arichardsax@spotify.com,Male,172.226.155.239
395,Ann,Mendoza,amendozaay@nba.com,Female,79.18.171.138
396,Laura,Watson,lwatsonaz@blogger.com,Female,0.255.233.213
397,William,Perry,wperryb0@fastcompany.com,Male,87.158.69.69
398,George,Jones,gjonesb1@miitbeian.gov.cn,Male,186.75.98.237
399,Harold,Richardson,hrichardsonb2@oakley.com,Male,250.69.14.242
400,Carolyn,Duncan,cduncanb3@cyberchimps.com,Female,61.242.255.238
401,Roy,Collins,rcollinsb4@mapy.cz,Male,233.65.131.240
402,Shirley,Jones,sjonesb5@hatena.ne.jp,Female,8.252.90.181
403,Lisa,Andrews,landrewsb6@ycombinator.com,Female,91.156.40.52
404,Marilyn,Wheeler,mwheelerb7@arstechnica.com,Female,32.127.70.108
405,Larry,Reynolds,lreynoldsb8@rakuten.co.jp,Male,225.232.44.165
406,Carolyn,Burton,cburtonb9@noaa.gov,Female,56.136.210.236
407,Marilyn,Carter,mcarterba@nationalgeographic.com,Female,219.198.177.92
408,Joan,Oliver,joliverbb@prweb.com,Female,150.172.139.169
409,Beverly,Gibson,bgibsonbc@ca.gov,Female,149.202.241.39
410,Melissa,Gray,mgraybd@tinyurl.com,Female,37.135.11.75
411,Margaret,Garza,mgarzabe@prlog.org,Female,239.170.73.214
412,George,Alvarez,galvarezbf@plala.or.jp,Male,72.103.231.125
413,Brandon,Carroll,bcarrollbg@360.cn,Male,202.68.252.85
414,Christine,Hill,chillbh@joomla.org,Female,122.249.183.115
415,Jose,Garza,jgarzabi@feedburner.com,Male,34.171.253.20
416,Sarah,Crawford,scrawfordbj@google.de,Female,36.175.16.46
417,Rachel,Ross,rrossbk@w3.org,Female,236.157.28.54
418,Brenda,Ramirez,bramirezbl@jalbum.net,Female,218.100.142.86
419,Dennis,Perez,dperezbm@imdb.com,Male,105.19.104.200
420,Wayne,Rivera,wriverabn@ning.com,Male,80.41.118.162
421,Sara,Peterson,spetersonbo@intel.com,Female,43.145.35.250
422,Richard,Mcdonald,rmcdonaldbp@sohu.com,Male,35.253.24.90
423,Anne,Griffin,agriffinbq@canalblog.com,Female,55.8.2.44
424,Marie,Flores,mfloresbr@goo.gl,Female,220.233.246.146
425,Kathleen,Mills,kmillsbs@chron.com,Female,154.231.129.251
426,Mark,Ray,mraybt@theglobeandmail.com,Male,238.186.124.49
427,Alice,Johnson,ajohnsonbu@ucoz.com,Female,88.141.58.178
428,Denise,Lawrence,dlawrencebv@wiley.com,Female,140.199.72.99
429,Ryan,Rodriguez,rrodriguezbw@symantec.com,Male,54.21.245.47
430,Debra,Fox,dfoxbx@salon.com,Female,113.122.65.208
431,Angela,Mcdonald,amcdonaldby@whitehouse.gov,Female,161.60.3.223
432,Margaret,Hayes,mhayesbz@twitter.com,Female,154.218.19.130
433,Albert,King,akingc0@xing.com,Male,40.190.51.64
434,Jimmy,Harvey,jharveyc1@indiatimes.com,Male,54.169.198.228
435,Mildred,Cooper,mcooperc2@histats.com,Female,79.249.134.222
436,Betty,Campbell,bcampbellc3@desdev.cn,Female,216.163.163.160
437,Amanda,Nichols,anicholsc4@reference.com,Female,187.221.134.118
438,Tammy,White,twhitec5@rediff.com,Female,148.4.251.40
439,Patricia,Morgan,pmorganc6@state.gov,Female,110.207.103.43
440,Sandra,Payne,spaynec7@livejournal.com,Female,58.54.131.111
441,Nicholas,Ortiz,nortizc8@intel.com,Male,95.88.176.161
442,Shirley,Hunter,shunterc9@theguardian.com,Female,48.112.89.172
443,Bonnie,Warren,bwarrenca@purevolume.com,Female,68.217.205.101
444,Emily,Lynch,elynchcb@blinklist.com,Female,152.46.119.152
445,Ruby,Cox,rcoxcc@webs.com,Female,98.189.253.195
446,Denise,Meyer,dmeyercd@adobe.com,Female,11.22.242.187
447,Robin,Russell,rrussellce@google.com.au,Female,127.49.122.18
448,Lillian,Riley,lrileycf@dell.com,Female,47.103.46.20
449,Marie,Matthews,mmatthewscg@miitbeian.gov.cn,Female,64.240.212.79
450,Juan,Lawrence,jlawrencech@typepad.com,Male,64.128.121.48
451,Shawn,Torres,storresci@slashdot.org,Male,38.145.166.194
452,Jennifer,Vasquez,jvasquezcj@usnews.com,Female,130.101.70.55
453,Peter,Simpson,psimpsonck@plala.or.jp,Male,174.179.229.101
454,Jeremy,Johnston,jjohnstoncl@spiegel.de,Male,237.182.100.0
455,Willie,Schmidt,wschmidtcm@joomla.org,Male,198.42.194.45
456,Antonio,Jenkins,ajenkinscn@smugmug.com,Male,134.157.189.137
457,Steven,Chapman,schapmanco@chicagotribune.com,Male,117.97.10.126
458,Amy,Butler,abutlercp@gnu.org,Female,118.187.126.163
459,Robin,Frazier,rfraziercq@abc.net.au,Female,79.230.153.223
460,Kevin,Duncan,kduncancr@comcast.net,Male,117.117.203.132
461,Janice,Wallace,jwallacecs@usa.gov,Female,54.124.238.94
462,Donna,Robertson,drobertsonct@mapquest.com,Female,93.223.159.111
463,Sandra,Harris,sharriscu@hc360.com,Female,8.57.227.191
464,Peter,Hicks,phickscv@businessinsider.com,Male,108.240.193.0
465,Carlos,Cunningham,ccunninghamcw@nationalgeographic.com,Male,232.18.155.68
466,Joyce,Coleman,jcolemancx@netscape.com,Female,11.207.17.126
467,Carlos,Richards,crichardscy@eepurl.com,Male,58.236.89.49
468,Joseph,Stevens,jstevenscz@acquirethisname.com,Male,245.149.213.143
469,Russell,Fox,rfoxd0@harvard.edu,Male,192.23.237.160
470,Bruce,Pierce,bpierced1@chicagotribune.com,Male,86.68.230.118
471,Carlos,Fernandez,cfernandezd2@yelp.com,Male,156.15.239.185
472,Stephanie,Daniels,sdanielsd3@cloudflare.com,Female,180.117.208.108
473,Lillian,Rose,lrosed4@amazon.com,Female,249.210.146.224
474,Andrew,Jones,ajonesd5@networksolutions.com,Male,157.88.251.29
475,Jason,Hill,jhilld6@twitpic.com,Male,51.114.101.105
476,Jeremy,Jenkins,jjenkinsd7@soundcloud.com,Male,204.115.86.186
477,Marie,Gray,mgrayd8@odnoklassniki.ru,Female,243.57.48.173
478,Diane,Bennett,dbennettd9@businessinsider.com,Female,238.235.119.167
479,Angela,Gordon,agordonda@thetimes.co.uk,Female,10.165.158.71
480,Bonnie,Parker,bparkerdb@census.gov,Female,15.18.184.43
481,Donna,Reyes,dreyesdc@purevolume.com,Female,113.93.237.169
482,Virginia,Jordan,vjordandd@indiatimes.com,Female,121.118.156.241
483,Phillip,Knight,pknightde@va.gov,Male,71.244.50.179
484,Joshua,Lawson,jlawsondf@ucoz.com,Male,19.153.180.181
485,Janice,Taylor,jtaylordg@lycos.com,Female,34.148.40.245
486,Howard,Simmons,hsimmonsdh@surveymonkey.com,Male,236.16.19.28
487,Harry,Nichols,hnicholsdi@auda.org.au,Male,85.120.51.255
488,Albert,Mills,amillsdj@microsoft.com,Male,249.197.100.93
489,Thomas,Pierce,tpiercedk@tmall.com,Male,88.39.110.226
490,Judith,Castillo,jcastillodl@who.int,Female,10.200.242.85
491,Brian,Watkins,bwatkinsdm@tmall.com,Male,158.243.182.109
492,Randy,Johnson,rjohnsondn@berkeley.edu,Male,122.95.4.55
493,Jacqueline,Bell,jbelldo@bigcartel.com,Female,191.202.175.253
494,Michelle,Hill,mhilldp@un.org,Female,85.182.173.104
495,Katherine,Turner,kturnerdq@spotify.com,Female,75.149.107.89
496,Deborah,Bennett,dbennettdr@house.gov,Female,248.2.157.3
497,Barbara,Andrews,bandrewsds@angelfire.com,Female,71.121.49.250
498,Mark,Hawkins,mhawkinsdt@so-net.ne.jp,Male,255.46.221.211
499,David,Boyd,dboyddu@elpais.com,Male,178.122.151.225
500,Peter,Long,plongdv@webmd.com,Male,158.212.208.203
501,Harry,Carr,hcarrdw@csmonitor.com,Male,200.175.206.77
502,Andrew,Snyder,asnyderdx@liveinternet.ru,Male,201.67.143.14
503,Jose,Chavez,jchavezdy@examiner.com,Male,181.70.1.72
504,Joshua,Stephens,jstephensdz@walmart.com,Male,171.152.143.37
505,Bonnie,Mason,bmasone0@cocolog-nifty.com,Female,117.100.121.34
506,Sharon,Nichols,snicholse1@boston.com,Female,5.190.115.99
507,Fred,Fox,ffoxe2@dyndns.org,Male,133.109.251.98
508,Jane,Rice,jricee3@example.com,Female,30.120.197.30
509,Laura,Nichols,lnicholse4@edublogs.org,Female,148.78.64.130
510,Norma,Wilson,nwilsone5@nsw.gov.au,Female,16.103.143.94
511,Gloria,Jacobs,gjacobse6@etsy.com,Female,176.204.208.250
512,Adam,Hart,aharte7@techcrunch.com,Male,156.196.125.91
513,Melissa,Nelson,mnelsone8@4shared.com,Female,115.198.43.61
514,Irene,Bennett,ibennette9@blogspot.com,Female,51.92.245.230
515,Laura,Baker,lbakerea@altervista.org,Female,18.215.23.108
516,Jack,Tucker,jtuckereb@odnoklassniki.ru,Male,207.248.150.102
517,Bonnie,Perry,bperryec@pbs.org,Female,84.147.245.250
518,Diana,Banks,dbanksed@pbs.org,Female,109.211.91.11
519,Jacqueline,Moore,jmooreee@amazon.co.uk,Female,102.9.200.53
520,Richard,Pierce,rpierceef@nasa.gov,Male,214.195.44.165
521,Sean,Reid,sreideg@alexa.com,Male,64.37.138.221
522,Virginia,Duncan,vduncaneh@sbwire.com,Female,15.119.181.50
523,Susan,Wheeler,swheelerei@hao123.com,Female,24.172.136.236
524,Juan,Anderson,jandersonej@ed.gov,Male,254.73.16.74
525,Wanda,Rose,wroseek@prlog.org,Female,184.63.120.247
526,Marie,Flores,mfloresel@sbwire.com,Female,58.177.175.97
527,Peter,Hill,phillem@ow.ly,Male,88.27.203.173
528,Julia,Wells,jwellsen@ocn.ne.jp,Female,226.54.126.136
529,Eric,Pierce,epierceeo@nydailynews.com,Male,40.128.228.173
530,Samuel,Marshall,smarshallep@usa.gov,Male,55.222.213.216
531,Alan,Anderson,aandersoneq@rakuten.co.jp,Male,220.4.145.24
532,Laura,Murray,lmurrayer@youtu.be,Female,181.11.46.25
533,Melissa,Brooks,mbrookses@gnu.org,Female,182.83.209.30
534,Anne,Moreno,amorenoet@abc.net.au,Female,183.187.41.184
535,Craig,Jordan,cjordaneu@bluehost.com,Male,231.254.182.4
536,Ruby,Hunt,rhuntev@washington.edu,Female,220.158.135.65
537,Robin,Gilbert,rgilbertew@vkontakte.ru,Female,35.74.153.94
538,Willie,Stone,wstoneex@dagondesign.com,Male,81.207.228.119
539,Russell,Murphy,rmurphyey@boston.com,Male,5.131.177.3
540,Katherine,Roberts,krobertsez@gmpg.org,Female,161.23.38.49
541,Fred,Howell,fhowellf0@uol.com.br,Male,189.224.146.90
542,Diana,White,dwhitef1@webs.com,Female,241.39.71.146
543,Jane,Fox,jfoxf2@ebay.com,Female,11.47.17.59
544,Jason,Garcia,jgarciaf3@dyndns.org,Male,236.78.223.4
545,Bonnie,Allen,ballenf4@parallels.com,Female,134.151.70.227
546,Heather,Daniels,hdanielsf5@indiegogo.com,Female,136.39.83.29
547,Angela,Cunningham,acunninghamf6@creativecommons.org,Female,105.183.126.206
548,Lawrence,Robertson,lrobertsonf7@bing.com,Male,228.9.242.42
549,Steve,Morrison,smorrisonf8@skyrock.com,Male,89.165.170.213
550,Harold,Sanders,hsandersf9@eventbrite.com,Male,229.11.214.145
551,Billy,Meyer,bmeyerfa@tripod.com,Male,8.244.83.175
552,Gerald,Simmons,gsimmonsfb@pbs.org,Male,106.103.96.119
553,Brandon,Perez,bperezfc@amazon.co.jp,Male,174.209.154.106
554,Kathy,Knight,kknightfd@icq.com,Female,174.3.135.214
555,Randy,Romero,rromerofe@about.me,Male,238.191.225.164
556,Jack,Gray,jgrayff@uol.com.br,Male,68.46.7.112
557,Sandra,Boyd,sboydfg@irs.gov,Female,204.32.178.80
558,Emily,Hayes,ehayesfh@china.com.cn,Female,235.33.238.36
559,Arthur,Bell,abellfi@google.de,Male,64.167.123.129
560,Joyce,Weaver,jweaverfj@cpanel.net,Female,137.237.126.151
561,Kimberly,Medina,kmedinafk@privacy.gov.au,Female,175.210.133.181
562,Raymond,Howell,rhowellfl@gnu.org,Male,91.81.183.28
563,Antonio,Romero,aromerofm@t-online.de,Male,49.208.63.23
564,Lillian,Peters,lpetersfn@mapquest.com,Female,62.29.149.178
565,Mildred,Reed,mreedfo@merriam-webster.com,Female,24.50.88.221
566,Paul,Cook,pcookfp@is.gd,Male,201.2.107.240
567,Martha,Porter,mporterfq@theatlantic.com,Female,195.209.51.60
568,Patricia,Bryant,pbryantfr@ycombinator.com,Female,114.222.246.65
569,Walter,Carr,wcarrfs@cisco.com,Male,145.184.170.246
570,Donna,Lynch,dlynchft@sciencedaily.com,Female,79.107.91.162
571,Phyllis,Edwards,pedwardsfu@ed.gov,Female,241.141.30.12
572,Jack,Weaver,jweaverfv@icio.us,Male,154.139.232.164
573,Robin,Barnes,rbarnesfw@sitemeter.com,Female,135.184.238.155
574,Martin,Bryant,mbryantfx@smugmug.com,Male,21.15.16.42
575,Norma,Gomez,ngomezfy@vistaprint.com,Female,140.87.116.25
576,Frank,Mendoza,fmendozafz@unesco.org,Male,144.144.120.61
577,Juan,Cox,jcoxg0@google.ca,Male,161.10.216.253
578,Kevin,Black,kblackg1@altervista.org,Male,28.191.72.216
579,Chris,White,cwhiteg2@biblegateway.com,Male,44.74.69.67
580,Karen,Jordan,kjordang3@lycos.com,Female,193.35.123.238
581,Ann,Wagner,awagnerg4@jugem.jp,Female,158.105.160.76
582,David,Mendoza,dmendozag5@mediafire.com,Male,95.204.99.232
583,Jesse,Fernandez,jfernandezg6@skyrock.com,Male,201.120.134.215
584,Howard,Griffin,hgriffing7@amazon.co.uk,Male,89.248.154.62
585,Eric,Gordon,egordong8@php.net,Male,176.171.156.228
586,Michelle,Fox,mfoxg9@mozilla.org,Female,130.192.81.41
587,Alice,Dunn,adunnga@home.pl,Female,122.9.230.238
588,James,Johnston,jjohnstongb@omniture.com,Male,136.13.48.11
589,Christina,Lopez,clopezgc@goo.ne.jp,Female,191.28.77.7
590,Alice,Baker,abakergd@theguardian.com,Female,126.120.83.36
591,Bobby,Barnes,bbarnesge@acquirethisname.com,Male,224.213.209.137
592,Norma,Ramirez,nramirezgf@hhs.gov,Female,83.19.65.246
593,Willie,Welch,wwelchgg@nasa.gov,Male,133.119.29.40
594,Gary,Henry,ghenrygh@chronoengine.com,Male,220.23.82.29
595,Elizabeth,Cruz,ecruzgi@noaa.gov,Female,39.61.153.82
596,Robin,Reynolds,rreynoldsgj@soup.io,Female,242.211.97.127
597,Judy,Wright,jwrightgk@hhs.gov,Female,234.128.233.223
598,Jennifer,Jackson,jjacksongl@liveinternet.ru,Female,251.220.184.47
599,Shawn,Ross,srossgm@archive.org,Male,175.200.48.83
600,Harry,Nguyen,hnguyengn@ed.gov,Male,107.253.214.4
601,Andrea,Price,apricego@bing.com,Female,87.134.187.18
602,Maria,Wells,mwellsgp@vk.com,Female,239.29.42.187
603,Donna,Castillo,dcastillogq@spiegel.de,Female,230.49.243.35
604,George,Willis,gwillisgr@networkadvertising.org,Male,240.193.184.34
605,Eric,Tucker,etuckergs@gizmodo.com,Male,79.55.90.243
606,Kenneth,Roberts,krobertsgt@hhs.gov,Male,103.249.15.23
607,Victor,Coleman,vcolemangu@mac.com,Male,181.152.199.77
608,Norma,Brooks,nbrooksgv@wikimedia.org,Female,84.96.5.73
609,Teresa,Green,tgreengw@blinklist.com,Female,66.211.99.101
610,Dorothy,Jones,djonesgx@cyberchimps.com,Female,186.194.165.129
611,Judy,Stevens,jstevensgy@tiny.cc,Female,145.244.69.182
612,Dorothy,Powell,dpowellgz@friendfeed.com,Female,103.153.61.151
613,Henry,Williamson,hwilliamsonh0@mashable.com,Male,210.243.49.175
614,Gloria,Diaz,gdiazh1@sfgate.com,Female,124.71.235.78
615,Robin,Nelson,rnelsonh2@stanford.edu,Female,76.112.211.242
616,Lisa,Perry,lperryh3@ftc.gov,Female,228.108.253.155
617,Evelyn,Allen,eallenh4@linkedin.com,Female,238.159.21.93
618,Thomas,James,tjamesh5@salon.com,Male,233.252.72.219
619,Sandra,Montgomery,smontgomeryh6@moonfruit.com,Female,225.8.113.64
620,Louise,Wagner,lwagnerh7@simplemachines.org,Female,158.189.192.189
621,Frank,Mccoy,fmccoyh8@devhub.com,Male,170.0.224.186
622,Arthur,Walker,awalkerh9@booking.com,Male,165.7.17.236
623,Ralph,Reid,rreidha@apple.com,Male,224.174.104.63
624,Raymond,Henry,rhenryhb@miibeian.gov.cn,Male,45.204.114.5
625,Victor,Garrett,vgarretthc@europa.eu,Male,248.139.32.37
626,Robin,Garrett,rgarretthd@timesonline.co.uk,Female,52.36.169.255
627,Julie,Scott,jscotthe@bing.com,Female,146.135.10.51
628,Joyce,Henderson,jhendersonhf@ameblo.jp,Female,13.117.60.227
629,James,Henderson,jhendersonhg@cpanel.net,Male,85.125.31.111
630,Mark,Barnes,mbarneshh@nationalgeographic.com,Male,94.239.23.39
631,Joan,Adams,jadamshi@symantec.com,Female,111.227.134.50
632,Kathryn,Mcdonald,kmcdonaldhj@comcast.net,Female,181.146.78.234
633,Andrea,Simpson,asimpsonhk@ycombinator.com,Female,32.153.87.130
634,Marilyn,Duncan,mduncanhl@intel.com,Female,108.55.211.192
635,Kevin,Davis,kdavishm@cloudflare.com,Male,231.35.147.65
636,Dorothy,Alvarez,dalvarezhn@forbes.com,Female,39.79.234.178
637,Dennis,Gomez,dgomezho@paypal.com,Male,218.148.147.30
638,George,Fisher,gfisherhp@microsoft.com,Male,18.228.154.123
639,Anthony,Black,ablackhq@free.fr,Male,149.26.249.214
640,Jesse,Reynolds,jreynoldshr@goo.gl,Male,35.51.186.200
641,Christopher,Myers,cmyershs@bloglines.com,Male,245.5.103.140
642,Mildred,Roberts,mrobertsht@ebay.com,Female,221.93.27.29
643,Craig,Hudson,chudsonhu@ucla.edu,Male,197.199.40.31
644,Timothy,Knight,tknighthv@51.la,Male,108.192.239.20
645,Juan,Porter,jporterhw@bloglovin.com,Male,200.101.169.176
646,Phyllis,Garza,pgarzahx@godaddy.com,Female,171.204.142.38
647,John,Allen,jallenhy@fc2.com,Male,125.137.172.60
648,Diane,Watkins,dwatkinshz@123-reg.co.uk,Female,94.170.78.92
649,Brian,Howard,bhowardi0@barnesandnoble.com,Male,111.210.65.130
650,Teresa,Perkins,tperkinsi1@sciencedirect.com,Female,108.70.249.197
651,Timothy,Holmes,tholmesi2@scribd.com,Male,253.249.79.37
652,Carolyn,Nichols,cnicholsi3@businessinsider.com,Female,104.206.166.129
653,Gary,Banks,gbanksi4@harvard.edu,Male,33.77.104.223
654,Paul,Torres,ptorresi5@soundcloud.com,Male,223.96.192.200
655,Peter,Snyder,psnyderi6@ftc.gov,Male,92.190.132.190
656,Bonnie,Kennedy,bkennedyi7@prnewswire.com,Female,151.155.123.215
657,Raymond,Wells,rwellsi8@abc.net.au,Male,239.85.26.225
658,Jerry,Freeman,jfreemani9@berkeley.edu,Male,115.65.175.166
659,Johnny,Alvarez,jalvarezia@bbb.org,Male,7.225.172.81
660,Jonathan,Bishop,jbishopib@php.net,Male,144.53.164.216
661,Ryan,Alexander,ralexanderic@japanpost.jp,Male,235.119.72.213
662,Shirley,Shaw,sshawid@hibu.com,Female,31.74.208.56
663,Larry,Harper,lharperie@slate.com,Male,78.185.255.37
664,Gary,Ryan,gryanif@smugmug.com,Male,26.82.69.43
665,Alan,Jenkins,ajenkinsig@arstechnica.com,Male,37.202.54.233
666,Terry,Sanders,tsandersih@sakura.ne.jp,Male,114.137.231.120
667,David,Daniels,ddanielsii@skyrock.com,Male,61.74.186.104
668,Benjamin,Little,blittleij@webnode.com,Male,205.196.18.185
669,Rose,Matthews,rmatthewsik@privacy.gov.au,Female,42.75.87.224
670,Janice,Black,jblackil@google.ru,Female,121.124.216.171
671,Howard,Sullivan,hsullivanim@fotki.com,Male,12.223.114.8
672,Terry,Gordon,tgordonin@webs.com,Male,207.112.85.146
673,Frances,Russell,frussellio@clickbank.net,Female,37.9.251.89
674,Paula,Burns,pburnsip@marketwatch.com,Female,141.44.37.184
675,Philip,Ryan,pryaniq@gravatar.com,Male,224.87.34.185
676,Frances,Hughes,fhughesir@devhub.com,Female,12.104.50.39
677,Gerald,Green,ggreenis@google.co.jp,Male,14.193.8.209
678,Marilyn,Reyes,mreyesit@mashable.com,Female,32.24.68.15
679,Dennis,Chavez,dchaveziu@mysql.com,Male,98.194.38.70
680,Gerald,Cook,gcookiv@intel.com,Male,14.55.187.54
681,Cheryl,Carr,ccarriw@biblegateway.com,Female,233.50.75.57
682,Douglas,Mitchell,dmitchellix@nps.gov,Male,194.80.214.201
683,Katherine,White,kwhiteiy@google.pl,Female,116.128.32.24
684,Edward,Baker,ebakeriz@intel.com,Male,232.147.141.61
685,Tammy,Garza,tgarzaj0@studiopress.com,Female,233.41.6.235
686,Catherine,Warren,cwarrenj1@biblegateway.com,Female,248.208.142.175
687,Ruth,Garrett,rgarrettj2@apache.org,Female,217.71.134.163
688,Christopher,Cook,ccookj3@nps.gov,Male,101.114.25.13
689,Clarence,Rose,crosej4@pbs.org,Male,134.160.222.190
690,Annie,Washington,awashingtonj5@4shared.com,Female,129.225.255.207
691,Bonnie,Shaw,bshawj6@ocn.ne.jp,Female,177.62.18.82
692,Joyce,Jacobs,jjacobsj7@storify.com,Female,159.154.60.210
693,Victor,Weaver,vweaverj8@java.com,Male,196.70.199.56
694,Steven,Dixon,sdixonj9@army.mil,Male,97.114.236.111
695,Lois,Snyder,lsnyderja@cloudflare.com,Female,180.213.253.1
696,Harry,Franklin,hfranklinjb@ucoz.ru,Male,7.125.133.133
697,Betty,Burke,bburkejc@hao123.com,Female,169.106.160.122
698,Juan,Smith,jsmithjd@yellowbook.com,Male,251.243.93.141
699,Kathy,Schmidt,kschmidtje@apache.org,Female,76.47.131.20
700,Doris,Bailey,dbaileyjf@blog.com,Female,21.19.247.34
701,Teresa,Warren,twarrenjg@jiathis.com,Female,129.138.84.249
702,Ann,Thompson,athompsonjh@yahoo.co.jp,Female,220.154.74.188
703,Joyce,Phillips,jphillipsji@businesswire.com,Female,8.99.207.67
704,Lisa,Cook,lcookjj@microsoft.com,Female,133.216.172.240
705,Jessica,White,jwhitejk@economist.com,Female,85.221.247.255
706,Cynthia,Jones,cjonesjl@miibeian.gov.cn,Female,46.195.162.6
707,Jacqueline,Ruiz,jruizjm@marriott.com,Female,159.0.182.0
708,Dennis,Andrews,dandrewsjn@wikia.com,Male,250.90.191.191
709,Jesse,Cox,jcoxjo@usa.gov,Male,11.42.99.23
710,Joe,Marshall,jmarshalljp@etsy.com,Male,56.254.104.213
711,Jean,Smith,jsmithjq@barnesandnoble.com,Female,72.127.21.212
712,Frances,Dixon,fdixonjr@hibu.com,Female,144.171.90.189
713,Kevin,Ray,krayjs@upenn.edu,Male,252.119.102.34
714,Thomas,Jordan,tjordanjt@mozilla.com,Male,115.70.246.112
715,Victor,Ryan,vryanju@scribd.com,Male,21.37.105.46
716,Samuel,Weaver,sweaverjv@miibeian.gov.cn,Male,142.205.48.223
717,Benjamin,Clark,bclarkjw@foxnews.com,Male,170.20.67.250
718,Fred,Thompson,fthompsonjx@sun.com,Male,41.204.25.5
719,Frances,Lane,flanejy@bloglovin.com,Female,239.204.78.36
720,Theresa,Simmons,tsimmonsjz@infoseek.co.jp,Female,118.81.48.162
721,Roger,Berry,rberryk0@bluehost.com,Male,54.119.207.153
722,Cynthia,Smith,csmithk1@hc360.com,Female,46.108.204.72
723,Roy,Hansen,rhansenk2@godaddy.com,Male,235.156.22.71
724,Carl,Lawrence,clawrencek3@mail.ru,Male,180.124.247.42
725,Linda,Harris,lharrisk4@hibu.com,Female,139.11.104.87
726,Jerry,Marshall,jmarshallk5@myspace.com,Male,122.155.202.134
727,Mary,Myers,mmyersk6@meetup.com,Female,56.164.105.161
728,Joe,Diaz,jdiazk7@narod.ru,Male,166.89.197.186
729,Roy,Peters,rpetersk8@behance.net,Male,16.8.101.56
730,Jose,Payne,jpaynek9@slideshare.net,Male,227.181.116.112
731,Gregory,Boyd,gboydka@addtoany.com,Male,51.149.116.203
732,Julie,Larson,jlarsonkb@multiply.com,Female,46.190.84.213
733,Larry,Washington,lwashingtonkc@google.cn,Male,114.119.223.254
734,David,Willis,dwilliskd@so-net.ne.jp,Male,110.51.208.65
735,Beverly,Howard,bhowardke@japanpost.jp,Female,167.32.205.81
736,Debra,Wallace,dwallacekf@blinklist.com,Female,164.167.42.88
737,Beverly,Johnson,bjohnsonkg@indiegogo.com,Female,104.99.215.200
738,Tammy,Gonzalez,tgonzalezkh@scribd.com,Female,254.186.216.244
739,Tammy,Knight,tknightki@shareasale.com,Female,227.80.247.10
740,Eugene,Butler,ebutlerkj@pbs.org,Male,122.195.209.172
741,Julia,Burton,jburtonkk@odnoklassniki.ru,Female,23.178.185.101
742,Ashley,Fisher,afisherkl@ebay.co.uk,Female,227.39.64.251
743,Daniel,Hunt,dhuntkm@list-manage.com,Male,45.125.245.235
744,Louis,Simpson,lsimpsonkn@fema.gov,Male,75.140.197.172
745,William,Mccoy,wmccoyko@jugem.jp,Male,200.2.146.247
746,Dorothy,Dean,ddeankp@webnode.com,Female,212.76.208.149
747,Jesse,Hicks,jhickskq@topsy.com,Male,140.180.154.155
748,Gregory,Collins,gcollinskr@shutterfly.com,Male,244.168.82.189
749,Lawrence,Williams,lwilliamsks@weather.com,Male,99.139.171.215
750,Brenda,Perry,bperrykt@webeden.co.uk,Female,13.63.246.121
751,Sharon,Bailey,sbaileyku@ucoz.ru,Female,91.87.223.19
752,Susan,Morrison,smorrisonkv@google.com,Female,243.110.66.221
753,Nancy,Reid,nreidkw@de.vu,Female,127.246.121.204
754,Gerald,Dean,gdeankx@seesaa.net,Male,128.172.67.149
755,Teresa,Jacobs,tjacobsky@cisco.com,Female,154.171.222.246
756,Lois,Woods,lwoodskz@cisco.com,Female,36.92.244.163
757,Mildred,Bradley,mbradleyl0@fastcompany.com,Female,61.178.112.183
758,Nicholas,Ross,nrossl1@4shared.com,Male,251.204.164.4
759,Richard,Knight,rknightl2@army.mil,Male,70.235.123.35
760,Ruby,Morales,rmoralesl3@people.com.cn,Female,71.60.73.84
761,Jesse,James,jjamesl4@ezinearticles.com,Male,216.22.55.85
762,Harold,Watkins,hwatkinsl5@nydailynews.com,Male,252.218.255.185
763,Brandon,Lewis,blewisl6@about.me,Male,8.246.244.194
764,Lisa,Warren,lwarrenl7@businessweek.com,Female,163.202.176.215
765,Kelly,Miller,kmillerl8@google.fr,Female,140.8.5.192
766,Keith,Richards,krichardsl9@t.co,Male,183.124.50.14
767,Juan,Mccoy,jmccoyla@discovery.com,Male,163.130.225.145
768,Deborah,Jenkins,djenkinslb@wikia.com,Female,109.70.32.210
769,Janet,Romero,jromerolc@hugedomains.com,Female,89.135.214.239
770,Tina,Elliott,telliottld@imageshack.us,Female,210.220.106.150
771,Clarence,Thompson,cthompsonle@aboutads.info,Male,137.108.58.7
772,Russell,Wallace,rwallacelf@symantec.com,Male,117.38.194.86
773,Ann,Fowler,afowlerlg@theatlantic.com,Female,201.177.124.121
774,Wanda,Riley,wrileylh@aol.com,Female,64.182.90.118
775,Bruce,Ramos,bramosli@wordpress.com,Male,249.114.3.121
776,Bobby,Adams,badamslj@princeton.edu,Male,63.139.123.228
777,Jean,Turner,jturnerlk@live.com,Female,97.24.229.134
778,Annie,Washington,awashingtonll@archive.org,Female,180.157.230.150
779,Brian,Fox,bfoxlm@pinterest.com,Male,177.106.58.187
780,Lori,Welch,lwelchln@hud.gov,Female,187.180.49.41
781,Christine,Peterson,cpetersonlo@oaic.gov.au,Female,44.118.173.32
782,Dennis,Moreno,dmorenolp@miibeian.gov.cn,Male,112.242.122.48
783,David,Garcia,dgarcialq@gizmodo.com,Male,158.242.82.169
784,Joyce,Watson,jwatsonlr@imdb.com,Female,179.229.121.185
785,Dennis,Fisher,dfisherls@comsenz.com,Male,141.126.126.78
786,Steve,Greene,sgreenelt@soundcloud.com,Male,254.202.248.216
787,Bobby,Carter,bcarterlu@istockphoto.com,Male,159.128.145.233
788,Maria,Ward,mwardlv@list-manage.com,Female,5.254.55.97
789,Bonnie,Kelly,bkellylw@hostgator.com,Female,97.199.154.217
790,Heather,King,hkinglx@hp.com,Female,147.146.189.141
791,Cheryl,Nelson,cnelsonly@chron.com,Female,157.170.229.84
792,Louis,Ray,lraylz@discuz.net,Male,172.104.182.5
793,Jason,Woods,jwoodsm0@php.net,Male,186.4.222.252
794,Jesse,Baker,jbakerm1@livejournal.com,Male,69.252.204.153
795,Theresa,Elliott,telliottm2@wikispaces.com,Female,160.53.215.86
796,Diana,Burke,dburkem3@mysql.com,Female,36.246.237.58
797,Roy,Welch,rwelchm4@goodreads.com,Male,100.4.83.197
798,Charles,Nelson,cnelsonm5@jimdo.com,Male,195.38.162.68
799,Teresa,Porter,tporterm6@blogspot.com,Female,6.141.187.43
800,Gary,Day,gdaym7@imgur.com,Male,87.107.237.212
801,Robert,Kelly,rkellym8@washingtonpost.com,Male,11.98.190.91
802,Adam,Larson,alarsonm9@sourceforge.net,Male,48.98.205.198
803,Henry,Harrison,hharrisonma@constantcontact.com,Male,216.70.34.86
804,John,Gonzales,jgonzalesmb@a8.net,Male,200.15.250.224
805,Brian,Ellis,bellismc@berkeley.edu,Male,62.65.70.18
806,Ruth,Olson,rolsonmd@icq.com,Female,162.18.180.30
807,Jean,Carter,jcarterme@wufoo.com,Female,76.134.207.156
808,Marie,Reid,mreidmf@instagram.com,Female,78.133.35.136
809,Justin,Arnold,jarnoldmg@scientificamerican.com,Male,130.16.98.215
810,Ralph,Graham,rgrahammh@bbb.org,Male,40.240.248.255
811,Tammy,Lawson,tlawsonmi@cnet.com,Female,1.120.78.221
812,Matthew,Morgan,mmorganmj@ocn.ne.jp,Male,106.87.6.255
813,Julia,Clark,jclarkmk@patch.com,Female,18.16.148.129
814,Jane,Shaw,jshawml@uol.com.br,Female,133.240.216.2
815,Angela,Palmer,apalmermm@pcworld.com,Female,1.154.135.250
816,Brandon,Hanson,bhansonmn@technorati.com,Male,131.177.119.99
817,Amy,Fields,afieldsmo@blinklist.com,Female,254.23.246.71
818,Michael,Sanchez,msanchezmp@cnet.com,Male,114.168.120.62
819,Gloria,Wright,gwrightmq@joomla.org,Female,27.37.61.178
820,Alan,King,akingmr@businessweek.com,Male,203.149.81.97
821,Anna,Ferguson,afergusonms@msu.edu,Female,50.166.108.34
822,Kevin,Fisher,kfishermt@dion.ne.jp,Male,218.150.194.138
823,Shawn,Dixon,sdixonmu@discovery.com,Male,103.161.213.224
824,Norma,Mason,nmasonmv@acquirethisname.com,Female,190.106.5.86
825,Louis,Gomez,lgomezmw@studiopress.com,Male,47.193.134.124
826,Walter,Warren,wwarrenmx@etsy.com,Male,241.95.86.99
827,Ashley,Knight,aknightmy@usda.gov,Female,68.27.230.83
828,Bobby,Jacobs,bjacobsmz@miibeian.gov.cn,Male,206.60.27.86
829,Brandon,Riley,brileyn0@howstuffworks.com,Male,39.173.16.158
830,Theresa,Dunn,tdunnn1@pen.io,Female,246.248.131.64
831,Albert,Warren,awarrenn2@amazon.co.uk,Male,32.20.138.70
832,Phyllis,Carroll,pcarrolln3@barnesandnoble.com,Female,27.24.180.111
833,Christopher,Murphy,cmurphyn4@google.pl,Male,137.229.176.4
834,Randy,Rice,rricen5@techcrunch.com,Male,237.120.141.230
835,Andrew,Hamilton,ahamiltonn6@list-manage.com,Male,106.139.116.63
836,Evelyn,Lawson,elawsonn7@joomla.org,Female,95.224.53.17
837,Anne,Howard,ahowardn8@51.la,Female,255.212.191.79
838,Andrew,Robinson,arobinsonn9@odnoklassniki.ru,Male,45.138.112.230
839,Melissa,Gilbert,mgilbertna@nhs.uk,Female,195.126.168.107
840,Betty,Taylor,btaylornb@washingtonpost.com,Female,129.37.232.218
841,Jennifer,Gutierrez,jgutierreznc@ebay.co.uk,Female,127.138.206.152
842,Margaret,Hernandez,mhernandeznd@bloglines.com,Female,207.217.72.196
843,Jean,Garrett,jgarrettne@de.vu,Female,32.233.52.78
844,Michael,West,mwestnf@51.la,Male,75.248.44.166
845,Amy,Henderson,ahendersonng@unesco.org,Female,86.125.124.44
846,Sarah,Alexander,salexandernh@smugmug.com,Female,228.17.146.225
847,Shirley,Simmons,ssimmonsni@com.com,Female,195.112.15.89
848,Fred,Perkins,fperkinsnj@desdev.cn,Male,161.253.239.160
849,Martin,Fowler,mfowlernk@slate.com,Male,65.169.148.128
850,Jerry,Richardson,jrichardsonnl@cnbc.com,Male,220.199.133.71
851,Melissa,Carpenter,mcarpenternm@yahoo.co.jp,Female,181.168.79.159
852,Ruth,Phillips,rphillipsnn@yale.edu,Female,211.34.133.139
853,Ann,Oliver,aoliverno@theglobeandmail.com,Female,161.181.233.117
854,Carlos,Oliver,colivernp@wunderground.com,Male,166.136.110.164
855,Christopher,Alexander,calexandernq@marriott.com,Male,207.75.17.134
856,William,Martinez,wmartineznr@mail.ru,Male,29.234.129.121
857,Louis,Graham,lgrahamns@cnet.com,Male,31.29.26.81
858,Antonio,Henderson,ahendersonnt@rambler.ru,Male,167.83.42.199
859,Justin,Olson,jolsonnu@phpbb.com,Male,90.141.207.50
860,Joshua,Boyd,jboydnv@pen.io,Male,160.205.6.171
861,Steven,Kelley,skelleynw@google.co.uk,Male,132.12.37.108
862,Marie,Hall,mhallnx@addthis.com,Female,53.47.8.34
863,Barbara,Alvarez,balvarezny@1und1.de,Female,197.121.180.128
864,Benjamin,Hanson,bhansonnz@merriam-webster.com,Male,85.49.223.225
865,Walter,Thompson,wthompsono0@nsw.gov.au,Male,210.78.189.60
866,Mark,Parker,mparkero1@behance.net,Male,137.27.141.168
867,Joseph,Oliver,jolivero2@studiopress.com,Male,55.87.231.59
868,Daniel,James,djameso3@typepad.com,Male,134.185.245.234
869,Jason,Campbell,jcampbello4@cam.ac.uk,Male,223.82.86.207
870,Terry,Harrison,tharrisono5@dailymail.co.uk,Male,85.158.63.14
871,Stephanie,Henry,shenryo6@shop-pro.jp,Female,243.98.49.82
872,Sharon,Barnes,sbarneso7@biglobe.ne.jp,Female,201.121.128.33
873,Janet,Bradley,jbradleyo8@comcast.net,Female,211.202.125.23
874,Carl,Ortiz,cortizo9@globo.com,Male,39.177.107.208
875,Brandon,Martin,bmartinoa@pinterest.com,Male,164.38.173.220
876,Carl,Rose,croseob@yolasite.com,Male,172.154.55.143
877,Nicholas,Medina,nmedinaoc@qq.com,Male,63.96.193.11
878,Lawrence,Woods,lwoodsod@clickbank.net,Male,187.251.147.77
879,Denise,Ramos,dramosoe@china.com.cn,Female,34.4.51.58
880,Roger,Fisher,rfisherof@flickr.com,Male,106.130.9.86
881,Diana,Evans,devansog@ucoz.com,Female,185.238.235.181
882,Walter,Fowler,wfowleroh@opera.com,Male,1.29.64.171
883,Johnny,Cruz,jcruzoi@cbslocal.com,Male,19.237.205.121
884,Janet,Flores,jfloresoj@unblog.fr,Female,211.241.41.145
885,Nicole,Hill,nhillok@msu.edu,Female,101.162.206.210
886,Scott,Castillo,scastillool@domainmarket.com,Male,153.86.253.194
887,Andrew,Adams,aadamsom@ning.com,Male,43.96.24.103
888,Juan,Mendoza,jmendozaon@myspace.com,Male,13.240.186.211
889,Joe,Stevens,jstevensoo@marketwatch.com,Male,173.99.69.251
890,Denise,Stanley,dstanleyop@blinklist.com,Female,140.15.58.131
891,Adam,Roberts,arobertsoq@sitemeter.com,Male,177.147.65.176
892,Beverly,Evans,bevansor@bandcamp.com,Female,178.71.168.209
893,Ruby,Harper,rharperos@delicious.com,Female,73.67.44.14
894,Karen,Marshall,kmarshallot@nymag.com,Female,153.96.131.213
895,Wanda,Wilson,wwilsonou@squarespace.com,Female,25.24.244.2
896,Michelle,Hart,mhartov@omniture.com,Female,230.3.239.130
897,Daniel,Jones,djonesow@cafepress.com,Male,32.179.252.210
898,Steve,Jackson,sjacksonox@vkontakte.ru,Male,166.233.110.200
899,Andrea,Snyder,asnyderoy@goo.ne.jp,Female,166.122.88.47
900,Carolyn,Sanchez,csanchezoz@bloomberg.com,Female,169.75.43.117
901,Tina,Allen,tallenp0@ft.com,Female,176.112.104.125
902,Evelyn,Meyer,emeyerp1@opensource.org,Female,12.92.185.202
903,Janice,Medina,jmedinap2@spotify.com,Female,240.175.58.140
904,Lisa,Ross,lrossp3@cocolog-nifty.com,Female,56.115.235.233
905,Sharon,Sanders,ssandersp4@alibaba.com,Female,111.213.30.222
906,Carol,Medina,cmedinap5@histats.com,Female,64.158.114.16
907,Sara,Hanson,shansonp6@fastcompany.com,Female,191.27.89.86
908,Barbara,Murphy,bmurphyp7@aboutads.info,Female,45.158.238.19
909,George,Foster,gfosterp8@addthis.com,Male,85.180.140.163
910,Kenneth,Wheeler,kwheelerp9@edublogs.org,Male,112.217.46.131
911,Ruth,Pierce,rpiercepa@baidu.com,Female,254.24.96.58
912,Patrick,Martin,pmartinpb@bluehost.com,Male,158.164.116.156
913,Terry,Bailey,tbaileypc@cmu.edu,Male,87.161.43.2
914,Robin,Simpson,rsimpsonpd@cornell.edu,Female,97.200.53.254
915,Rachel,Graham,rgrahampe@parallels.com,Female,174.10.52.165
916,Phillip,Adams,padamspf@free.fr,Male,176.122.36.189
917,Marilyn,Holmes,mholmespg@auda.org.au,Female,31.128.157.8
918,Teresa,Harris,tharrisph@usda.gov,Female,182.84.187.57
919,Brenda,Perry,bperrypi@quantcast.com,Female,241.118.112.219
920,Deborah,Spencer,dspencerpj@diigo.com,Female,13.77.12.157
921,Patricia,Myers,pmyerspk@google.de,Female,59.42.4.182
922,William,Mcdonald,wmcdonaldpl@usatoday.com,Male,15.139.107.80
923,Jacqueline,Barnes,jbarnespm@google.de,Female,114.215.253.180
924,Andrea,Richards,arichardspn@liveinternet.ru,Female,40.248.188.72
925,Nicholas,Perry,nperrypo@cam.ac.uk,Male,6.118.249.132
926,George,Dean,gdeanpp@huffingtonpost.com,Male,112.211.25.108
927,Randy,Murray,rmurraypq@arstechnica.com,Male,227.80.154.69
928,Carol,Rice,cricepr@skyrock.com,Female,201.67.115.95
929,Christina,Snyder,csnyderps@prnewswire.com,Female,212.107.243.176
930,Peter,Mendoza,pmendozapt@slashdot.org,Male,158.255.121.205
931,Walter,Taylor,wtaylorpu@unicef.org,Male,32.246.148.145
932,Dennis,Foster,dfosterpv@theguardian.com,Male,42.57.22.77
933,Martin,Ward,mwardpw@omniture.com,Male,246.104.230.59
934,Donna,Gray,dgraypx@sciencedaily.com,Female,125.55.120.106
935,Henry,Nichols,hnicholspy@foxnews.com,Male,19.78.165.88
936,Michelle,Bryant,mbryantpz@sitemeter.com,Female,15.173.36.17
937,Terry,Hamilton,thamiltonq0@cnet.com,Male,138.234.232.255
938,William,Howard,whowardq1@tripadvisor.com,Male,108.224.54.203
939,Russell,Rice,rriceq2@nhs.uk,Male,195.81.16.18
940,Kenneth,Martinez,kmartinezq3@arizona.edu,Male,223.201.126.123
941,Steven,Davis,sdavisq4@uol.com.br,Male,63.114.174.186
942,Willie,Wells,wwellsq5@vk.com,Male,31.160.182.25
943,Sandra,Adams,sadamsq6@blogger.com,Female,195.44.245.75
944,Gary,Hall,ghallq7@instagram.com,Male,106.44.31.219
945,Paula,Gonzalez,pgonzalezq8@themeforest.net,Female,229.233.131.72
946,Aaron,Powell,apowellq9@hp.com,Male,175.97.237.80
947,Ruth,Rogers,rrogersqa@issuu.com,Female,177.23.55.8
948,Christina,Gomez,cgomezqb@hubpages.com,Female,37.245.86.170
949,Diane,Powell,dpowellqc@samsung.com,Female,49.42.228.213
950,Clarence,Hill,chillqd@abc.net.au,Male,89.112.91.74
951,Ruby,Jacobs,rjacobsqe@sohu.com,Female,187.160.136.183
952,Phillip,Hughes,phughesqf@myspace.com,Male,229.252.147.43
953,Phillip,Elliott,pelliottqg@de.vu,Male,191.104.116.193
954,Stephen,Hicks,shicksqh@weebly.com,Male,136.221.180.51
955,Irene,Stephens,istephensqi@shutterfly.com,Female,137.191.101.119
956,Kimberly,Nelson,knelsonqj@biblegateway.com,Female,163.145.195.220
957,Gerald,Mendoza,gmendozaqk@shareasale.com,Male,139.175.120.136
958,Virginia,Williamson,vwilliamsonql@theatlantic.com,Female,201.17.160.87
959,Wanda,Hunter,whunterqm@live.com,Female,107.98.45.251
960,Kevin,Ryan,kryanqn@ebay.com,Male,51.98.184.70
961,Gerald,Hall,ghallqo@spiegel.de,Male,51.126.112.76
962,Justin,Armstrong,jarmstrongqp@go.com,Male,223.170.211.226
963,Roy,Myers,rmyersqq@state.tx.us,Male,8.194.151.51
964,Michael,Lynch,mlynchqr@hubpages.com,Male,200.22.141.28
965,Ann,Rodriguez,arodriguezqs@google.es,Female,34.134.52.70
966,Emily,Phillips,ephillipsqt@discovery.com,Female,32.209.193.84
967,Deborah,Andrews,dandrewsqu@ehow.com,Female,3.201.20.21
968,Jean,Brooks,jbrooksqv@twitpic.com,Female,167.7.8.177
969,Judith,Howell,jhowellqw@jugem.jp,Female,229.245.98.193
970,Robin,Howell,rhowellqx@answers.com,Female,21.106.183.220
971,Deborah,Fowler,dfowlerqy@feedburner.com,Female,164.6.38.233
972,Doris,Ford,dfordqz@usda.gov,Female,48.223.57.186
973,Anna,White,awhiter0@discuz.net,Female,58.126.155.145
974,Evelyn,Stephens,estephensr1@buzzfeed.com,Female,221.41.77.177
975,Marie,Sims,msimsr2@creativecommons.org,Female,0.174.250.207
976,Walter,Hall,whallr3@nydailynews.com,Male,123.211.229.133
977,Beverly,Burke,bburker4@wordpress.com,Female,153.123.137.218
978,Douglas,Ferguson,dfergusonr5@com.com,Male,52.120.152.32
979,Sharon,Cox,scoxr6@icq.com,Female,236.44.123.166
980,Annie,Sullivan,asullivanr7@twitter.com,Female,44.15.87.239
981,Fred,Phillips,fphillipsr8@globo.com,Male,40.193.47.144
982,Sarah,Lawrence,slawrencer9@usatoday.com,Female,173.114.230.63
983,Harold,Fisher,hfisherra@geocities.jp,Male,89.39.31.231
984,Rebecca,Miller,rmillerrb@senate.gov,Female,117.163.63.83
985,Ronald,Porter,rporterrc@hp.com,Male,122.10.150.129
986,Billy,West,bwestrd@miitbeian.gov.cn,Male,219.250.5.133
987,Janice,Fowler,jfowlerre@odnoklassniki.ru,Female,68.150.140.153
988,Victor,Miller,vmillerrf@vimeo.com,Male,222.97.35.62
989,Norma,Morgan,nmorganrg@bloglines.com,Female,198.17.233.92
990,Patricia,Butler,pbutlerrh@macromedia.com,Female,92.13.190.37
991,Martin,Ferguson,mfergusonri@cyberchimps.com,Male,204.230.204.200
992,Frank,Garrett,fgarrettrj@fda.gov,Male,38.232.252.228
993,Joe,Jordan,jjordanrk@newsvine.com,Male,134.199.31.170
994,Amanda,Green,agreenrl@soup.io,Female,4.249.193.130
995,Kathy,Alvarez,kalvarezrm@phoca.cz,Female,202.56.244.57
996,Joe,Fields,jfieldsrn@barnesandnoble.com,Male,11.83.203.214
997,Ryan,Myers,rmyersro@trellian.com,Male,152.38.52.89
998,Sarah,Mason,smasonrp@gnu.org,Female,38.131.73.38
999,Howard,West,hwestrq@paginegialle.it,Male,8.5.227.211
1000,Teresa,Taylor,ttaylorrr@friendfeed.com,Female,143.213.80.19
